[{"fonts":[{"asset":"fonts/MaterialIcons-Regular.ttf"}],"family":"MaterialIcons"},{"family":"Roboto","fonts":[{"weight":100,"asset":"fonts/Roboto/Roboto-Thin.ttf"},{"weight":300,"asset":"fonts/Roboto/Roboto-Light.ttf"},{"weight":400,"asset":"fonts/Roboto/Roboto-Regular.ttf"},{"weight":500,"asset":"fonts/Roboto/Roboto-Medium.ttf"},{"weight":700,"asset":"fonts/Roboto/Roboto-Bold.ttf"},{"weight":900,"asset":"fonts/Roboto/Roboto-Black.ttf"}]},{"family":"packages/cupertino_icons/CupertinoIcons","fonts":[{"asset":"packages/cupertino_icons/assets/CupertinoIcons.ttf"}]}]